City_ID,City,Lat,Lng,Max Temp,Humidity,Cloudiness,Wind Speed,Country,Date
0,busselton,-33.65,115.3333,17.38,75,100,5.91,AU,1680211208
1,myitkyina,25.3833,97.4,17.29,65,1,1.08,MM,1680211208
2,karratha,-20.7377,116.8463,26.71,81,40,1.5,AU,1680211208
3,isiro,2.7739,27.616,19.94,92,100,1.33,CD,1680211208
4,naze,28.3667,129.4833,17.51,94,100,4.11,JP,1680211208
5,launceston,-41.45,147.1667,12.11,87,75,2.57,AU,1680211208
6,waddan,29.1614,16.139,16.46,26,0,3.61,LY,1680211208
7,dikson,73.5069,80.5464,-27.11,100,96,2.94,RU,1680211208
8,bredasdorp,-34.5322,20.0403,15.22,82,98,0.61,ZA,1680211038
9,price,39.5994,-110.8107,5.06,75,75,2.06,US,1680210909
10,kapaa,22.0752,-159.319,26.38,79,100,6.17,US,1680211210
11,vagur,61.4732,-6.8119,7.33,95,100,9.21,FO,1680211210
12,mataura,-46.1927,168.8643,9.04,87,35,1.57,NZ,1680211210
13,punta arenas,-53.15,-70.9167,9.06,49,0,9.77,CL,1680211210
14,bluff,-46.6,168.3333,9.66,89,39,3.72,NZ,1680211210
15,leningradskiy,69.3833,178.4167,-20.12,93,17,2.44,RU,1680211211
16,angoche,-16.2325,39.9086,24.53,81,96,2.23,MZ,1680211211
17,mayo,38.8876,-76.5119,12.97,38,0,4.12,US,1680211211
18,sturgeon falls,46.3646,-79.9326,2.16,61,100,5.52,CA,1680211211
19,victoria,22.2855,114.1577,21.29,93,100,0.45,HK,1680211211
20,tasiilaq,65.6145,-37.6368,-4.91,95,100,3.66,GL,1680211211
21,marau,-28.4492,-52.2,24.97,90,100,0.59,BR,1680211211
22,parrita,9.5201,-84.3225,30.7,62,8,3.44,CR,1680211212
23,cidreira,-30.1811,-50.2056,24.53,77,100,3.29,BR,1680211115
24,clyde river,70.4692,-68.5914,-17.87,78,100,2.06,CA,1680211212
25,bethel,41.3712,-73.414,7.41,31,0,5.66,US,1680211212
26,rikitea,-23.1203,-134.9692,26.16,72,83,2.59,PF,1680211212
27,morant bay,17.8815,-76.4093,30.95,64,1,5.58,JM,1680211212
28,ponta do sol,32.6667,-17.1,23.4,26,11,1.86,PT,1680211212
29,tuktoyaktuk,69.4541,-133.0374,-17.0,71,0,7.2,CA,1680211213
30,khatanga,71.9667,102.5,-26.12,97,97,3.7,RU,1680211213
31,abha,18.2164,42.5053,15.9,88,20,4.63,SA,1680211213
32,bubaque,11.2833,-15.8333,25.23,74,4,7.56,GW,1680211213
33,burnie,-41.0667,145.9167,12.19,87,66,4.55,AU,1680211213
34,gat,31.61,34.7642,12.38,100,34,5.79,IL,1680211213
35,ulaanbaatar,47.9077,106.8832,2.07,21,0,2.0,MN,1680211079
36,saint george,37.1041,-113.5841,6.33,75,100,10.29,US,1680211078
37,healesville,-37.65,145.5167,14.01,99,76,0.93,AU,1680211213
38,talnakh,69.4865,88.3972,-28.22,98,69,2.88,RU,1680211214
39,mahebourg,-20.4081,57.7,27.16,89,40,5.14,MU,1680211214
40,eureka,40.8021,-124.1637,13.29,72,15,2.68,US,1680211215
41,kupino,54.3663,77.2981,-10.04,90,6,3.35,RU,1680211215
42,avarua,-21.2078,-159.775,28.03,89,75,5.66,CK,1680211215
43,lazarev,52.225,141.5131,-1.29,98,100,2.66,RU,1680211215
44,oshnaviyeh,37.0397,45.0983,4.65,83,68,4.0,IR,1680211216
45,qaqortoq,60.7167,-46.0333,-6.03,79,1,0.48,GL,1680211216
46,mar del plata,-38.0023,-57.5575,19.49,73,0,8.23,AR,1680211045
47,deputatskiy,69.3,139.9,-23.48,99,100,1.21,RU,1680211216
48,talcahuano,-36.7167,-73.1167,17.82,55,0,7.2,CL,1680211046
49,albany,42.6001,-73.9662,3.9,34,67,3.13,US,1680211216
50,camacha,33.0833,-16.3333,18.68,60,0,4.12,PT,1680211216
51,arraial do cabo,-22.9661,-42.0278,26.92,78,0,2.57,BR,1680211217
52,husavik,66.0449,-17.3389,1.09,86,91,5.05,IS,1680211217
53,ushuaia,-54.8,-68.3,6.81,53,20,4.12,AR,1680211199
54,souillac,-20.5167,57.5167,27.21,89,40,5.14,MU,1680211217
55,westport,41.1415,-73.3579,8.12,27,0,7.2,US,1680211217
56,sumbe,-11.2061,13.8437,25.69,84,49,2.4,AO,1680211217
57,bardiyah,31.7561,25.0865,13.92,63,0,5.09,LY,1680211217
58,east london,-33.0153,27.9116,17.41,79,12,5.2,ZA,1680211217
59,teya,60.3778,92.6267,-15.12,97,100,1.44,RU,1680211218
60,burdur,37.7203,30.2908,0.39,55,20,2.57,TR,1680211218
61,hasaki,35.7333,140.8333,10.12,75,100,4.19,JP,1680211218
62,mao,39.8885,4.2658,13.31,100,20,3.09,ES,1680211218
63,atuona,-9.8,-139.0333,27.02,74,4,6.79,PF,1680211218
64,new norfolk,-42.7826,147.0587,13.29,81,100,0.45,AU,1680211219
65,fort saint james,54.4333,-124.25,4.12,72,87,2.18,CA,1680211219
66,chokurdakh,70.6333,147.9167,-22.08,97,100,2.54,RU,1680211219
67,sabla,12.7525,4.7077,30.63,9,100,3.61,NG,1680211219
68,miquelon,47.0975,-56.3814,1.0,82,30,4.1,PM,1680211220
69,georgetown,5.4112,100.3354,26.96,92,20,1.03,MY,1680211115
70,bambous virieux,-20.3428,57.7575,27.14,89,40,5.14,MU,1680211220
71,fort nelson,58.8053,-122.7002,-0.59,79,100,1.79,CA,1680211220
72,puerto ayora,-0.7393,-90.3518,30.98,85,69,1.79,EC,1680211221
73,torbay,47.6666,-52.7314,1.76,74,20,4.12,CA,1680211221
74,tautira,-17.7333,-149.15,26.71,75,88,2.14,PF,1680211221
75,kavieng,-2.5744,150.7967,25.77,82,100,2.52,PG,1680211221
76,port elizabeth,-33.918,25.5701,17.16,81,0,5.14,ZA,1680211221
77,richards bay,-28.783,32.0377,19.15,93,100,2.64,ZA,1680211221
78,orodara,10.9492,-4.9342,29.05,23,59,1.87,BF,1680211222
79,davila,18.4726,120.5763,24.99,85,17,3.45,PH,1680211222
80,houma,29.5958,-90.7195,25.01,61,0,7.2,US,1680211125
81,hermanus,-34.4187,19.2345,13.22,82,68,2.59,ZA,1680211222
82,esperance,-33.8667,121.9,14.82,81,20,4.65,AU,1680211222
83,tiksi,71.6872,128.8694,-30.61,100,100,2.78,RU,1680211222
84,trofors,65.5333,13.4063,-6.07,86,21,1.39,NO,1680211222
85,kirakira,-10.4544,161.9205,27.21,80,98,0.49,SB,1680211222
86,ahipara,-35.1667,173.1667,15.74,62,11,2.72,NZ,1680211223
87,kieta,-6.2167,155.6333,26.24,84,94,2.28,PG,1680211223
88,san patricio,28.017,-97.5169,27.32,71,100,9.64,US,1680211223
89,wamba,8.9333,8.6,28.89,28,4,1.15,NG,1680211223
90,yellowknife,62.456,-114.3525,-10.71,52,20,1.03,CA,1680211224
91,raichur,16.2,77.3667,28.85,42,72,3.45,IN,1680211224
92,fare,-16.7,-151.0167,27.54,74,96,4.05,PF,1680211224
93,vaini,-21.2,-175.2,28.09,74,75,3.6,TO,1680211224
94,faanui,-16.4833,-151.75,27.85,73,99,4.59,PF,1680211224
95,cape town,-33.9258,18.4232,17.29,79,20,7.2,ZA,1680211049
96,barrow,71.2906,-156.7887,-14.99,78,0,2.06,US,1680211030
97,saskylakh,71.9167,114.0833,-32.98,100,94,2.54,RU,1680211224
98,urucui,-7.2294,-44.5561,27.24,71,59,2.42,BR,1680211225
99,pacific grove,36.6177,-121.9166,14.12,67,40,5.66,US,1680211225
100,pak chong,14.708,101.4161,22.66,85,11,1.83,TH,1680211177
101,platanos,37.6667,21.6167,11.71,80,6,1.59,GR,1680211225
102,oudtshoorn,-33.5907,22.2014,14.2,90,9,1.12,ZA,1680210986
103,lorengau,-2.0226,147.2712,26.17,80,99,0.35,PG,1680211225
104,tessalit,20.1986,1.0114,27.19,7,0,5.29,ML,1680211226
105,hobart,-42.8794,147.3294,13.48,83,75,2.57,AU,1680211226
106,urusha,54.05,122.9,-7.35,98,92,1.34,RU,1680211226
107,lagoa,39.05,-27.9833,14.47,74,100,4.13,PT,1680211226
108,toamasina,-18.1667,49.3833,24.0,100,40,2.06,MG,1680211226
109,malanje,-9.5402,16.341,17.2,94,99,1.45,AO,1680211226
110,challans,46.8436,-1.8749,13.51,92,100,8.05,FR,1680211226
111,castro,-24.7911,-50.0119,20.98,83,37,1.5,BR,1680211084
112,terrace bay,48.7834,-87.1,-2.94,73,92,8.08,CA,1680211227
113,seoul,37.5683,126.9778,4.69,87,0,1.54,KR,1680211212
114,byron bay,-28.65,153.6167,16.51,66,9,3.59,AU,1680211007
115,provideniya,64.3833,-173.3,-3.94,54,75,7.0,RU,1680211227
116,college,64.8569,-147.8028,0.05,48,75,0.0,US,1680211227
117,shelburne,44.0787,-80.2041,2.35,56,56,5.39,CA,1680211142
118,longyearbyen,78.2186,15.6401,-5.09,74,75,2.06,SJ,1680211227
119,hilo,19.7297,-155.09,28.49,89,100,5.14,US,1680211067
120,jamestown,42.097,-79.2353,5.57,43,0,1.54,US,1680211083
121,verkhoyansk,67.5447,133.385,-15.75,97,100,2.26,RU,1680211228
122,jalu,29.0331,21.5482,16.51,29,0,3.45,LY,1680211228
123,port alfred,-33.5906,26.891,15.1,85,32,0.89,ZA,1680211228
124,parasia,22.2,78.7667,24.3,33,88,5.35,IN,1680211228
125,vetlanda,57.4289,15.0776,1.14,98,100,3.62,SE,1680211228
126,beira,-19.8436,34.8389,23.05,100,20,2.57,MZ,1680211228
127,tazovskiy,67.4667,78.7,-28.71,100,10,3.24,RU,1680211228
128,mahibadhoo,3.7833,72.9667,27.56,78,100,3.53,MV,1680211229
129,punta cardon,11.6581,-70.215,27.04,67,1,14.36,VE,1680211229
130,northam,51.0333,-4.2167,10.9,93,100,11.11,GB,1680211229
131,gap,44.6667,6.0,4.91,65,94,0.26,FR,1680211229
132,entre rios,-11.9419,-38.0844,23.24,77,1,2.47,BR,1680211229
133,ancud,-41.8697,-73.8203,11.63,62,83,1.29,CL,1680211073
134,hithadhoo,-0.6,73.0833,27.91,76,11,3.98,MV,1680211229
135,sao filipe,14.8961,-24.4956,23.73,76,32,2.69,CV,1680211230
136,lianzhou,24.7811,112.3825,15.49,95,100,0.91,CN,1680211230
137,gigmoto,13.7796,124.39,25.43,85,31,2.53,PH,1680211230
138,sitka,57.0531,-135.33,5.94,56,100,1.54,US,1680211230
139,diamantino,-14.4086,-56.4461,27.33,74,82,2.21,BR,1680211230
140,kalya,12.9793,77.1806,23.97,61,87,3.0,IN,1680211230
141,piacabucu,-10.4056,-36.4344,25.9,80,9,3.81,BR,1680211230
142,jumla,29.2747,82.1838,5.69,72,48,2.27,NP,1680211230
143,kaitangata,-46.2817,169.8464,11.51,85,97,1.38,NZ,1680211230
144,abbeville,50.1,1.8333,13.47,85,100,8.46,FR,1680211231
145,xichang,27.8964,102.2634,11.03,85,54,0.6,CN,1680211231
146,severo-kurilsk,50.6789,156.125,0.41,73,4,2.1,RU,1680211231
147,sioux lookout,50.1001,-91.917,1.04,44,75,3.6,CA,1680211231
148,guerrero negro,27.9769,-114.0611,17.19,46,6,8.09,MX,1680211231
149,juntas,10.2809,-84.9595,29.24,29,5,5.21,CR,1680211231
150,lebu,-37.6167,-73.65,14.41,72,63,6.99,CL,1680211064
151,el dorado,38.7666,-120.5177,8.49,88,87,0.45,US,1680211231
152,maniitsoq,65.4167,-52.9,-8.87,74,0,2.94,GL,1680211232
153,fruitville,27.3298,-82.4576,30.99,43,0,5.14,US,1680211232
154,bengkulu,-3.8004,102.2655,22.91,88,100,1.3,ID,1680211232
155,miri,4.4148,114.0089,24.08,94,20,0.51,MY,1680211232
156,catuday,16.2923,119.8062,25.26,83,92,2.98,PH,1680211233
157,road town,18.4167,-64.6167,28.05,65,20,5.14,VG,1680211233
158,barranca,-10.75,-77.7667,25.86,72,70,4.02,PE,1680211233
159,igarka,67.4667,86.5833,-24.65,97,43,4.98,RU,1680211233
160,kovdor,67.5662,30.4758,-12.34,95,72,3.5,RU,1680211233
161,waiouru,-39.4833,175.6667,11.5,53,3,0.67,NZ,1680211233
162,la ronge,55.1001,-105.2842,-3.86,39,75,3.6,CA,1680211136
163,santa catarina de tepehuanes,25.35,-105.7333,25.08,13,98,11.29,MX,1680211233
164,airai,-8.9266,125.4092,15.33,95,100,1.0,TL,1680211233
165,sovetskiy,61.3614,63.5842,-7.97,87,78,3.49,RU,1680211233
166,werda,-25.2667,23.2833,25.19,33,95,1.11,BW,1680211233
167,ostrovnoy,68.0531,39.5131,-8.65,89,67,7.15,RU,1680211233
168,aripuana,-9.1667,-60.6333,26.23,87,73,0.8,BR,1680211233
169,sao jose da coroa grande,-8.8978,-35.1478,25.75,78,4,2.71,BR,1680211234
170,butaritari,3.0707,172.7902,27.77,78,98,5.35,KI,1680211234
171,usinsk,65.9939,57.5281,-1.85,74,100,8.22,RU,1680211234
172,nizwa,22.9333,57.5333,22.37,32,0,2.39,OM,1680211234
173,mount barker,-35.0667,138.8667,13.95,87,36,1.82,AU,1680211234
174,nikolskoye,59.7035,30.7861,-2.06,97,73,1.93,RU,1680211234
175,vila franca do campo,37.7167,-25.4333,16.23,97,100,3.46,PT,1680211234
176,necochea,-38.5473,-58.7368,18.8,39,46,4.12,AR,1680211235
177,carnarvon,-24.8667,113.6333,23.01,73,100,3.79,AU,1680211235
178,zelenogorskiy,55.0333,87.0,-13.15,98,32,0.36,RU,1680211235
179,samarai,-10.6167,150.6667,28.04,76,82,1.58,PG,1680211235
180,port hardy,50.6996,-127.4199,8.1,66,40,4.12,CA,1680211048
181,meulaboh,4.1363,96.1285,24.28,87,98,1.94,ID,1680211235
182,salinas,36.6777,-121.6555,14.98,57,40,5.66,US,1680211235
183,nanortalik,60.1432,-45.2371,-4.77,79,3,3.29,GL,1680211235
184,aklavik,68.2191,-135.0107,-11.0,57,20,4.63,CA,1680211235
185,labuhan,-6.8844,112.2051,25.67,86,100,2.84,ID,1680211235
186,pevek,69.7008,170.3133,-15.34,88,100,4.2,RU,1680211236
187,inhambane,-23.865,35.3833,22.66,82,7,2.38,MZ,1680211236
188,poum,-20.2333,164.0167,26.94,75,48,6.53,NC,1680211236
189,pilar,-9.5972,-35.9567,26.96,82,7,2.25,BR,1680211236
190,itarema,-2.9248,-39.9167,26.01,81,33,4.06,BR,1680211236
191,inuvik,68.3499,-133.7218,-10.52,48,20,6.17,CA,1680211236
192,norman wells,65.282,-126.8329,-8.98,62,40,7.72,CA,1680211236
193,nanakuli,21.3906,-158.1547,28.26,67,0,6.69,US,1680211236
194,ternate,0.8,127.4,26.53,81,75,2.2,ID,1680211237
195,champoton,19.35,-90.7167,31.79,42,0,4.45,MX,1680211237
196,yulara,-25.2406,130.9889,20.43,51,100,7.01,AU,1680211237
197,opuwo,-18.0607,13.84,22.37,40,85,2.49,NA,1680211237
198,kerema,-7.9631,145.7785,25.73,84,89,1.65,PG,1680211237
199,agirish,61.9247,63.0231,-7.68,85,80,4.09,RU,1680211238
200,quakenbruck,52.6833,7.95,12.25,81,29,6.65,DE,1680211238
201,pangody,65.85,74.4859,-26.83,100,33,1.18,RU,1680211238
202,fugen,47.35,11.85,8.14,99,87,2.08,AT,1680211238
203,tevriz,57.509,72.4042,-11.46,94,6,0.51,RU,1680211238
204,constitucion,-35.3333,-72.4167,19.23,43,67,7.0,CL,1680211238
205,vostok,46.4856,135.8833,-4.33,81,10,1.7,RU,1680211238
206,coahuayana,18.7333,-103.6833,31.69,32,100,3.19,MX,1680211238
207,geraldton,-28.7667,114.6,19.23,94,40,2.57,AU,1680211238
208,hohhot,40.8106,111.6522,4.16,35,0,2.0,CN,1680211239
209,saint-pierre,-21.3393,55.4781,25.82,78,0,2.06,RE,1680211239
210,rudbar,30.15,62.6,22.78,30,33,1.88,AF,1680211239
211,luderitz,-26.6481,15.1594,16.53,70,2,7.48,NA,1680211239
212,qaanaaq,77.484,-69.3632,-22.83,69,22,1.79,GL,1680211239
213,mafeteng,-29.823,27.2374,11.71,35,20,1.39,LS,1680211239
214,ucluelet,48.9329,-125.5528,9.49,77,96,0.45,CA,1680211239
215,beringovskiy,63.05,179.3167,-12.52,88,43,2.58,RU,1680211240
216,elda,38.4778,-0.7916,22.4,28,57,3.52,ES,1680211240
217,emba,48.8264,58.1442,10.32,64,100,12.63,KZ,1680211240
218,saint-philippe,-21.3585,55.7679,25.77,86,61,4.7,RE,1680211240
219,sampagar,7.5139,124.9553,21.29,92,99,1.28,PH,1680211240
220,hervey bay,-25.2986,152.8535,20.73,57,79,4.15,AU,1680211209
221,klaksvik,62.2266,-6.589,7.51,98,100,12.91,FO,1680211240
222,oliveira dos brejinhos,-12.3169,-42.8961,28.2,45,98,1.99,BR,1680211240
223,campos gerais,-21.235,-45.7586,21.11,84,100,2.07,BR,1680211240
224,narsaq,60.9167,-46.05,0.12,78,0,1.17,GL,1680211240
225,vao,-22.6667,167.4833,25.03,80,17,4.69,NC,1680211241
226,fukue,32.6881,128.8419,14.79,68,100,5.48,JP,1680211241
227,sarangani,5.4033,125.4636,27.59,79,99,6.31,PH,1680211241
228,west wendover,40.7391,-114.0733,6.56,29,40,9.77,US,1680211241
229,anadyr,64.75,177.4833,-14.72,78,20,3.0,RU,1680211241
230,mehamn,71.0357,27.8492,-3.03,93,75,2.57,NO,1680211241
231,kruisfontein,-34.0033,24.7314,12.71,95,4,2.34,ZA,1680211242
232,tilichiki,60.4667,166.1,-11.25,96,97,0.09,RU,1680211242
233,port lincoln,-34.7333,135.8667,15.13,80,91,3.01,AU,1680211242
234,bay-khaak,51.1667,94.5,-7.14,70,100,6.14,RU,1680211242
235,rocha,-34.4833,-54.3333,17.91,84,100,3.05,UY,1680211242
236,sobolevo,54.4299,31.8996,-2.85,94,13,1.76,RU,1680211242
237,champerico,14.3,-91.9167,33.3,58,7,5.92,GT,1680211242
238,bregovo,44.1517,22.6425,9.69,68,76,1.11,BG,1680211242
239,yeppoon,-23.1333,150.7333,22.88,88,6,2.1,AU,1680211242
240,makakilo city,21.3469,-158.0858,27.47,68,0,7.2,US,1680211243
241,manakara,-22.1333,48.0167,23.71,93,100,2.28,MG,1680211243
242,itoman,26.1247,127.6694,22.21,94,75,4.12,JP,1680211243
243,waipawa,-41.4122,175.5153,11.5,90,97,2.06,NZ,1680211243
244,thompson,55.7435,-97.8558,-7.91,41,20,5.14,CA,1680211243
245,alexandria,31.2156,29.9553,14.07,50,6,6.47,EG,1680210895
246,namatanai,-3.6667,152.4333,25.46,84,100,2.09,PG,1680211243
247,ridgecrest,35.6225,-117.6709,11.35,48,75,8.23,US,1680211078
248,ribeira grande,38.5167,-28.7,15.43,89,100,1.34,PT,1680211243
249,san salvador,13.6894,-89.1872,31.92,37,20,4.63,SV,1680211156
250,kodinsk,58.6881,99.1844,-12.41,91,96,2.75,RU,1680211244
251,coffs harbour,-30.3,153.1333,14.98,72,0,2.57,AU,1680211244
252,kismayo,-0.3582,42.5454,27.6,76,93,6.18,SO,1680211244
253,qianguo,45.1171,124.8568,7.1,45,0,2.72,CN,1680211244
254,davenda,53.5556,119.317,-3.87,96,99,0.7,RU,1680211245
255,inirida,3.8653,-67.9239,30.69,61,80,0.58,CO,1680211112
256,tarauaca,-8.1614,-70.7656,31.55,54,88,0.13,BR,1680211245
257,calama,-22.4667,-68.9333,23.27,40,0,11.32,CL,1680211245
258,cabo san lucas,22.8909,-109.9124,28.67,36,75,3.6,MX,1680211005
259,fairbanks,64.8378,-147.7164,0.05,49,100,0.0,US,1680211245
260,chuy,-33.6971,-53.4616,19.51,92,100,4.48,UY,1680211245
261,varzea da palma,-17.5981,-44.7308,27.28,33,2,1.9,BR,1680211245
262,korhogo,9.45,-5.6333,27.77,52,18,2.56,CI,1680211245
263,nouadhibou,20.931,-17.0347,24.99,47,0,5.66,MR,1680211246
264,katsuura,35.1333,140.3,14.47,80,100,3.29,JP,1680211246
265,dunhua,43.3725,128.2425,3.5,49,0,1.65,CN,1680211246
266,shingu,33.7333,135.9833,11.57,60,100,1.0,JP,1680211246
267,porto novo,6.4965,2.6036,28.9,81,100,3.38,BJ,1680211246
268,guisa,20.255,-76.5386,33.43,28,0,4.11,CU,1680211246
269,namibe,-15.1961,12.1522,23.31,80,100,2.12,AO,1680211246
270,isangel,-19.55,169.2667,26.36,77,100,1.95,VU,1680211246
271,pisco,-13.7,-76.2167,26.03,69,75,4.63,PE,1680211246
272,maralal,1.0968,36.698,15.91,81,27,2.69,KE,1680211246
273,cherskiy,68.75,161.3,-10.83,95,99,3.44,RU,1680211247
274,port moresby,-9.4431,147.1797,23.68,94,20,2.57,PG,1680211247
275,dzaoudzi,-12.7887,45.2699,25.94,94,0,0.0,YT,1680211247
276,mount gambier,-37.8333,140.7667,13.11,84,93,1.94,AU,1680211247
277,cayenne,4.9333,-52.3333,27.02,78,100,3.6,GF,1680211039
278,vanavara,60.34,102.2797,-24.07,100,52,1.15,RU,1680211247
279,montego bay,18.4712,-77.9188,28.89,65,20,9.26,JM,1680210966
280,monroe,43.1501,-77.6831,4.64,53,75,6.17,US,1680210950
281,san rafael,-34.6177,-68.3301,24.25,21,1,4.12,AR,1680211235
282,la rioja,42.25,-2.5,10.88,49,100,5.39,ES,1680211247
283,troy,42.6056,-83.1499,9.07,46,0,3.6,US,1680211134
284,yagodnoye,62.55,149.6667,-11.62,90,84,1.97,RU,1680211247
285,kitob,39.0843,66.8332,16.22,55,14,1.51,UZ,1680211248
286,talaya,61.3833,152.75,-8.92,81,84,3.96,RU,1680211249
287,anloga,5.7947,0.8973,28.25,79,54,4.08,GH,1680211249
288,asau,46.4333,26.4,3.51,63,77,2.89,RO,1680211249
289,sulangan,11.1373,123.7228,26.89,78,100,4.9,PH,1680211249
290,nenjiang,49.1833,125.2167,3.06,55,2,1.69,CN,1680211249
291,rawson,-43.3002,-65.1023,9.23,79,100,13.19,AR,1680211249
292,lompoc,34.6391,-120.4579,15.29,68,20,7.2,US,1680210769
293,zdvinsk,54.7021,78.661,-8.36,89,8,3.68,RU,1680211249
294,wajir,1.7471,40.0573,31.65,43,94,2.41,KE,1680211249
295,ukiah,39.1502,-123.2078,15.24,62,100,2.68,US,1680211249
296,mackay,-21.15,149.2,26.49,86,60,2.97,AU,1680211177
297,mount isa,-20.7333,139.5,22.87,33,10,4.12,AU,1680211250
298,beloha,-25.1667,45.05,21.19,92,19,2.25,MG,1680211250
299,channel-port aux basques,47.5702,-59.1367,0.37,85,41,5.39,CA,1680211250
300,antalaha,-14.9003,50.2788,24.42,88,72,3.09,MG,1680211250
301,araouane,18.9048,-3.5265,28.06,8,0,4.94,ML,1680211250
302,pingyin,36.2831,116.4453,9.64,56,100,3.33,CN,1680211250
303,banda aceh,5.5577,95.3222,26.31,79,99,1.6,ID,1680211250
304,sibolga,1.7427,98.7792,23.51,85,100,1.45,ID,1680211250
305,kajiado,-1.8524,36.7768,16.77,80,93,5.73,KE,1680211250
306,kisangani,0.5167,25.2,21.07,98,100,2.33,CD,1680211250
307,barahona,18.2085,-71.1008,29.9,54,20,8.23,DO,1680211251
308,tuatapere,-46.1333,167.6833,8.68,77,23,1.85,NZ,1680211251
309,puerto escondido,15.85,-97.0667,31.46,66,0,6.17,MX,1680211251
310,lavrentiya,65.5833,-171.0,-7.62,76,100,4.21,RU,1680211251
311,taoudenni,22.6783,-3.9836,28.55,8,0,6.31,ML,1680211251
312,balod,20.73,81.2047,28.79,42,34,6.01,IN,1680211251
313,krasnogorskiy,54.6025,61.231,-5.64,89,48,4.02,RU,1680211251
314,farafenni,13.5667,-15.6,29.29,31,0,5.38,GM,1680211251
315,matagami,49.7502,-77.6328,-0.94,37,100,4.63,CA,1680211251
316,innisfail,-17.5333,146.0333,21.77,84,6,1.39,AU,1680211251
317,almas,46.2833,22.2333,7.26,80,100,2.33,RO,1680211251
318,hami,42.8,93.45,11.89,20,28,4.47,CN,1680211252
319,saint-augustin,51.226,-58.6502,0.02,80,79,4.12,CA,1680211252
320,kirishi,59.4471,32.0205,-6.93,96,87,1.48,RU,1680211252
321,jiexiu,37.0244,111.9125,12.12,33,100,1.58,CN,1680211252
322,hofn,64.2539,-15.2082,7.42,95,100,11.23,IS,1680211252
323,sao felix do xingu,-6.6447,-51.995,25.56,91,55,0.99,BR,1680211252
324,kodiak,57.79,-152.4072,2.73,87,100,7.2,US,1680211252
325,orlik,52.5178,99.825,-3.58,85,91,2.26,RU,1680211252
326,umtata,-31.5889,28.7844,12.91,85,65,0.2,ZA,1680211253
327,wuan,31.6836,112.0044,12.68,70,5,0.67,CN,1680211253
328,sorland,67.667,12.6934,1.92,56,82,11.48,NO,1680211253
329,hermagor,46.6272,13.3672,7.75,97,100,1.11,AT,1680211253
330,atar,20.5169,-13.0499,32.59,12,96,3.39,MR,1680211253
331,vicosa,-20.7539,-42.8819,21.65,77,70,2.0,BR,1680211253
332,amahai,-3.3333,128.9167,25.46,81,92,1.41,ID,1680211253
333,sept-iles,50.2001,-66.3821,-0.53,94,100,3.6,CA,1680211021
334,pemagatsel,27.0319,91.4266,10.04,75,18,1.85,BT,1680211253
335,sabang,5.8933,95.3214,27.61,74,98,1.21,ID,1680211253
336,caravelas,-17.7125,-39.2481,25.67,75,3,3.23,BR,1680211254
337,wagga wagga,-35.1167,147.3667,9.78,81,13,1.57,AU,1680211254
338,komsomolskiy,40.4272,71.7189,14.4,67,100,1.03,UZ,1680211254
339,los llanos de aridane,28.6585,-17.9182,25.86,15,0,5.14,ES,1680211254
340,shumskiy,54.8318,99.1328,-6.02,78,100,5.8,RU,1680211255
341,rincon,32.296,-81.2354,20.98,46,0,5.14,US,1680211255
342,nabire,-3.3667,135.4833,23.72,92,100,0.98,ID,1680211255
343,vanimo,-2.6741,141.3028,24.93,88,99,2.22,PG,1680211255
344,rosarito,32.3333,-117.0333,15.82,70,40,6.61,MX,1680211255
345,roma,43.2128,-75.4557,2.43,45,0,6.17,US,1680211203
346,bukene,-4.2333,32.8833,17.71,95,91,1.23,TZ,1680211256
347,monastyrshchina,54.3496,31.838,-2.5,92,14,1.88,RU,1680211256
348,iqaluit,63.7506,-68.5145,-16.15,77,20,0.0,CA,1680211256
349,olafsvik,64.8945,-23.7142,2.99,83,69,6.08,IS,1680211256
350,nandurbar,21.3667,74.25,23.43,72,11,6.35,IN,1680210741
351,supe,-10.8,-77.7333,25.86,73,72,4.03,PE,1680211256
352,porto walter,-8.2686,-72.7439,27.92,86,100,0.82,BR,1680211256
353,santa isabel,-23.3156,-46.2214,28.61,87,47,0.99,BR,1680211256
354,ambulu,-8.345,113.6058,23.79,89,98,1.25,ID,1680211256
355,nuuk,64.1835,-51.7216,-4.66,46,0,6.71,GL,1680211256
356,presidencia roque saenz pena,-26.7852,-60.4388,33.65,44,37,2.74,AR,1680211257
357,a coruna,43.3713,-8.396,16.61,79,40,7.6,ES,1680210992
358,colombo,6.9319,79.8478,26.02,85,27,1.8,LK,1680211258
359,the valley,18.217,-63.0578,27.12,69,40,6.17,AI,1680211258
360,bandarbeyla,9.4942,50.8122,26.93,73,3,2.98,SO,1680211258
361,gizo,-8.103,156.8419,27.6,75,91,1.53,SB,1680211259
362,yar-sale,66.8333,70.8333,-19.6,100,99,3.36,RU,1680211259
363,am timan,11.0297,20.2827,31.97,14,93,2.21,TD,1680211259
364,bima,-8.4667,118.7167,23.95,93,100,0.82,ID,1680211259
365,ilulissat,69.2167,-51.1,-14.99,78,1,2.06,GL,1680211259
366,coquimbo,-29.9533,-71.3436,17.85,77,0,5.66,CL,1680211022
367,faya,18.3851,42.4509,16.06,73,6,2.95,SA,1680211259
368,sakakah,29.9697,40.2064,14.76,40,0,7.37,SA,1680211259
369,bandundu,-3.3167,17.3667,21.49,98,100,1.64,CD,1680211260
370,banyo,6.75,11.8167,22.85,37,18,2.03,CM,1680211260
371,jacqueville,5.2052,-4.4146,27.2,83,75,4.81,CI,1680211261
372,kibre mengist,5.8833,38.9833,14.97,93,52,1.11,ET,1680211261
373,hvide sande,56.0045,8.1294,7.27,98,100,7.84,DK,1680211261
374,praia,14.9215,-23.5087,23.3,73,0,4.12,CV,1680211261
375,saldanha,-33.0117,17.9442,16.03,82,46,9.75,ZA,1680211261
376,lander,42.833,-108.7307,3.22,68,40,2.06,US,1680211262
377,hay river,60.8156,-115.7999,-11.02,61,75,7.72,CA,1680211073
378,kondol,52.8189,45.058,6.81,93,88,3.75,RU,1680211262
379,xai-xai,-25.0519,33.6442,23.51,87,40,3.69,MZ,1680211262
380,xinxiang,35.3089,113.8672,11.15,81,100,0.93,CN,1680211262
381,port-gentil,-0.7193,8.7815,26.98,83,20,2.06,GA,1680211262
382,istisu,40.9457,48.0738,5.37,77,100,1.74,AZ,1680211263
383,lata,40.1629,-8.3327,12.41,89,100,1.72,PT,1680211263
384,mecca,21.4267,39.8261,24.28,42,27,3.49,SA,1680211046
385,jaynagar-majilpur,22.1758,88.4178,24.83,83,9,4.32,IN,1680211263
386,karasjok,69.4719,25.5112,-7.53,96,100,4.02,NO,1680211263
387,upernavik,72.7868,-56.1549,-26.65,92,39,3.35,GL,1680211263
388,tiarei,-17.5333,-149.3333,31.01,75,100,3.27,PF,1680211263
389,poronaysk,49.2167,143.1167,-0.17,98,100,3.12,RU,1680211264
390,neyshabur,36.2133,58.7958,16.83,29,4,0.05,IR,1680211264
391,srednekolymsk,67.45,153.6833,-12.35,95,100,2.85,RU,1680211264
392,thessalon,46.2501,-83.5666,2.16,58,94,6.4,CA,1680211264
393,pingliang,35.5392,106.6861,6.63,73,6,0.97,CN,1680211265
394,pangai,-19.8,-174.35,28.06,89,20,3.09,TO,1680211265
395,kristiinankaupunki,62.2743,21.376,-3.2,71,48,3.9,FI,1680211265
396,terre haute,39.4667,-87.4139,18.87,40,0,6.17,US,1680210800
397,santa cruz,-17.8,-63.1667,32.7,58,75,4.63,BO,1680210878
398,vargashi,55.3556,65.8467,-6.36,84,5,3.64,RU,1680211265
399,taikang,46.8333,124.4167,6.42,42,2,1.07,CN,1680211266
400,te anau,-45.4167,167.7167,12.55,66,93,0.61,NZ,1680211266
401,sikonge,-5.6333,32.7667,18.08,93,48,1.59,TZ,1680211266
402,general roca,-39.0333,-67.5833,22.57,21,33,10.25,AR,1680211266
403,okato,-39.2,173.8833,16.06,100,65,4.89,NZ,1680211267
404,alice,27.7523,-98.0697,27.85,67,75,11.32,US,1680211267
405,kazerun,29.6195,51.6541,16.95,50,77,0.35,IR,1680211267
406,bonthe,7.5264,-12.505,26.39,80,86,2.03,SL,1680211267
407,bogande,12.9714,-0.1436,30.25,8,11,3.87,BF,1680211267
408,cotonou,6.3654,2.4183,28.99,84,20,5.14,BJ,1680211268
409,diego de almagro,-26.3667,-70.05,22.34,41,0,3.61,CL,1680211268
410,darhan,49.4867,105.9228,5.73,39,75,3.94,MN,1680211268
411,fermoy,52.1358,-8.2758,9.84,97,100,4.5,IE,1680211268
412,guanare,9.0418,-69.7421,27.01,54,75,1.54,VE,1680211268
413,plettenberg bay,-34.0527,23.3716,14.79,88,3,2.02,ZA,1680211268
414,mount darwin,-16.7725,31.5838,18.55,90,67,2.03,ZW,1680211268
415,tarko-sale,64.9225,77.785,-24.48,98,7,3.88,RU,1680211268
416,dingle,10.9995,122.6711,24.09,92,87,3.09,PH,1680211268
417,serenje,-13.2325,30.2352,16.87,97,100,1.88,ZM,1680211269
418,nhulunbuy,-12.2333,136.7667,26.34,89,75,2.06,AU,1680211269
419,zyryanka,65.75,150.85,-11.4,91,100,5.03,RU,1680211269
420,sandwick,60.0,-1.25,6.9,100,100,3.09,GB,1680211269
421,terrenate,19.4833,-97.9167,22.26,23,78,3.18,MX,1680211269
422,tala,30.6803,30.9429,8.29,59,5,2.49,EG,1680211154
423,egvekinot,66.3167,-179.1667,-14.19,86,36,0.66,RU,1680211269
424,motema,8.6,-11.0333,21.74,89,95,1.73,SL,1680211269
425,tanout,14.9709,8.8879,26.14,9,92,5.22,NE,1680211270
426,bowen,-20.0167,148.2333,24.95,86,65,0.67,AU,1680211270
427,kurumkan,54.3,110.3,0.78,87,42,1.49,RU,1680211270
428,gidam,18.9833,81.4,24.91,69,0,1.04,IN,1680211270
429,makat,47.6469,53.3463,16.99,51,100,7.77,KZ,1680211270
430,iguai,-14.7564,-40.0892,24.08,61,0,2.65,BR,1680211206
431,liverpool,53.4106,-2.9779,11.47,84,75,4.12,GB,1680211163
432,san cristobal,7.7669,-72.225,25.1,55,56,2.02,VE,1680211270
433,begamganj,23.6,78.3333,24.08,42,100,3.87,IN,1680211270
434,verkhnyaya toyma,62.2349,44.9985,2.22,98,100,3.9,RU,1680211270
435,lesosibirsk,58.2358,92.4828,-10.89,94,97,2.14,RU,1680211270
436,nuevitas,21.5453,-77.2644,27.5,57,0,5.31,CU,1680211271
437,thanh hoa,19.8,105.7667,20.8,90,100,0.97,VN,1680211271
438,treinta y tres,-33.2333,-54.3833,19.08,95,100,3.3,UY,1680211271
439,tarakan,3.3,117.6333,24.72,94,75,1.03,ID,1680211271
440,matamoros,25.5333,-103.25,34.06,8,75,2.57,MX,1680210978
441,manali,13.1667,80.2667,28.05,85,47,4.39,IN,1680211271
442,kholm,59.2667,32.85,-7.08,96,91,1.57,RU,1680211271
443,luwuk,-0.9516,122.7875,25.16,82,100,1.52,ID,1680211271
444,ratnagiri,16.9833,73.3,23.34,81,6,1.64,IN,1680211139
445,howard springs,-12.497,131.047,24.95,92,100,1.09,AU,1680211271
446,palmer,42.1584,-72.3287,5.04,26,20,6.17,US,1680211120
447,elat,29.5581,34.9482,13.91,41,40,4.12,IL,1680211271
448,kavaratti,10.5669,72.642,27.11,70,18,3.56,IN,1680211271
449,ngunguru,-35.6167,174.5,14.48,64,12,1.16,NZ,1680211272
450,chilca,-12.5211,-76.7372,24.89,77,54,2.88,PE,1680211272
451,hobyo,5.3505,48.5268,27.8,74,37,4.54,SO,1680211272
452,alofi,-19.0595,-169.9187,28.94,79,40,3.09,NU,1680211272
453,codrington,-38.2667,141.9667,13.82,73,100,3.23,AU,1680211272
454,grindavik,63.8424,-22.4338,5.97,93,75,4.12,IS,1680211272
455,lima,-12.0432,-77.0282,27.14,61,0,6.17,PE,1680210990
456,solton,52.8429,86.4787,-6.69,88,85,2.66,RU,1680211272
457,winnemucca,40.973,-117.7357,7.03,42,75,7.2,US,1680211152
458,lesnoye,58.2841,35.5158,-5.84,96,9,0.26,RU,1680211272
459,bangassou,4.7413,22.8184,23.03,87,100,1.94,CF,1680211272
460,laguna,38.421,-121.4238,15.8,59,100,3.6,US,1680211273
461,gao,16.6362,1.637,26.78,6,0,5.94,ML,1680211273
462,moron,-34.6534,-58.6198,22.19,75,80,4.03,AR,1680211273
463,kyra,49.5776,111.9753,-0.79,76,4,0.58,RU,1680211273
464,hazorasp,41.3194,61.0742,15.91,30,1,4.53,UZ,1680211273
465,great falls,47.5002,-111.3008,-0.74,94,100,2.06,US,1680211116
466,tooele,40.5308,-112.2983,3.93,70,99,2.67,US,1680210514
467,tabou,4.423,-7.3528,26.46,86,100,2.71,CI,1680211273
468,bulawayo,-20.15,28.5833,17.46,83,64,3.9,ZW,1680211273
469,japura,-0.3167,102.35,22.63,98,99,0.67,ID,1680211273
470,tchollire,8.4022,14.1698,31.25,17,43,1.26,CM,1680211274
471,fougeres,48.35,-1.2,10.92,93,100,10.12,FR,1680211274
472,penarth,51.4394,-3.1761,11.18,92,75,7.72,GB,1680211274
473,la palma,33.8464,-118.0467,16.35,61,75,3.6,US,1680211274
474,bariadi,-2.8,33.9833,17.56,95,89,0.12,TZ,1680211274
475,puyo,-1.4667,-77.9833,25.58,69,40,1.03,EC,1680211274
476,mozarlandia,-14.7447,-50.5706,27.46,66,35,0.87,BR,1680211274
477,domoni,-12.2569,44.5319,26.09,86,100,0.93,KM,1680211274
478,fandriana,-20.2333,47.3833,17.93,95,100,1.31,MG,1680211274
479,chicama,-7.8447,-79.1469,27.3,55,72,5.67,PE,1680211274
480,sumenep,-7.0167,113.8667,24.57,88,100,3.27,ID,1680211274
481,yuncheng,35.0231,110.9928,11.86,47,65,3.94,CN,1680211274
482,klyuchi,52.2667,79.1667,-3.26,63,6,3.64,RU,1680211274
483,weligama,5.9667,80.4167,24.48,90,18,1.17,LK,1680211275
484,altagracia de orituco,9.8601,-66.3814,28.58,51,81,2.56,VE,1680211275
485,tecoanapa,16.5167,-98.75,34.9,37,40,5.32,MX,1680211268
486,royan,45.6285,-1.0281,14.35,71,100,6.99,FR,1680211190
487,caracoli,6.4119,-74.7606,26.45,90,96,1.81,CO,1680211275
488,gorontalo,0.5412,123.0595,23.54,95,100,1.4,ID,1680211275
489,sindou,10.6667,-5.1667,31.15,29,83,0.43,BF,1680211275
490,zhaotong,27.3167,103.7167,9.55,87,100,1.52,CN,1680211275
491,grand gaube,-20.0064,57.6608,27.22,79,19,3.13,MU,1680211275
492,chiang kham,19.5233,100.3,23.79,39,9,0.83,TH,1680211275
493,moses lake,47.1301,-119.2781,14.38,35,100,4.12,US,1680211275
494,barabinsk,55.3571,78.357,-9.67,91,11,3.55,RU,1680211275
495,ostersund,63.1792,14.6357,-7.75,62,63,0.51,SE,1680211275
496,jipijapa,-1.3333,-80.5833,26.72,74,89,4.09,EC,1680211276
497,lethem,3.3803,-59.7968,33.36,42,73,3.97,GY,1680211276
498,salamiyah,35.0113,37.0532,5.32,51,10,5.5,SY,1680211276
499,touros,-5.1989,-35.4608,26.57,78,69,5.18,BR,1680211276
500,qasigiannguit,68.8193,-51.1922,-14.86,88,4,0.71,GL,1680211276
501,ilhabela,-23.7781,-45.3581,25.13,90,93,0.76,BR,1680211276
502,paragominas,-2.9667,-47.4833,24.33,94,100,0.51,BR,1680211276
503,pasan,22.85,82.2,23.16,52,87,1.51,IN,1680211276
504,dalbandin,28.8947,64.4101,19.72,40,0,1.31,PK,1680211276
505,melita,49.2681,-100.9967,-1.92,81,32,2.31,CA,1680211276
506,kasungu,-13.0333,33.4833,17.66,98,98,1.57,MW,1680211277
507,bonavista,48.6499,-53.1147,0.68,80,27,4.03,CA,1680211277
508,boa vista,2.8197,-60.6733,31.99,48,75,4.63,BR,1680211277
509,saint anthony,45.0205,-93.218,2.94,65,100,5.14,US,1680211107
510,tazmalt,36.3868,4.3989,17.55,62,34,1.74,DZ,1680211277
511,athabasca,54.7169,-113.2854,0.23,79,100,4.18,CA,1680211277
512,ponta delgada,37.7333,-25.6667,16.4,100,75,4.12,PT,1680211277
513,purificacion,3.8587,-74.9313,33.4,44,38,0.87,CO,1680211277
514,mandalgovi,45.7625,106.2708,6.41,21,44,8.08,MN,1680211277
515,verkhnyaya inta,65.9811,60.3094,-6.09,79,100,3.73,RU,1680211277
516,setermoen,68.861,18.3486,-1.02,91,100,3.13,NO,1680211277
517,ormara,25.2088,64.6357,24.87,73,32,6.84,PK,1680211278
518,saint-georges,12.0564,-61.7485,27.82,69,20,9.77,GD,1680211278
519,baghdad,33.3406,44.4009,14.95,55,0,3.09,IQ,1680211278
520,pochutla,15.7432,-96.4661,32.12,49,37,3.61,MX,1680211278
521,aswan,24.0934,32.907,18.11,28,2,8.4,EG,1680211278
522,maholi,27.6667,80.4667,24.14,42,100,3.79,IN,1680211278
523,balikpapan,-1.2675,116.8289,25.55,89,20,1.03,ID,1680211045
524,sokoni,-6.4333,39.55,27.8,75,4,4.09,TZ,1680211278
525,paamiut,61.994,-49.6678,-6.89,74,8,6.05,GL,1680211278
526,haines junction,60.7522,-137.5108,-2.03,59,100,1.03,CA,1680211278
527,ondjiva,-17.0667,15.7333,21.02,83,48,0.0,AO,1680211278
528,argelia,2.2556,-77.2488,20.2,96,97,1.68,CO,1680211279
529,kungurtug,50.5994,97.5228,-3.96,90,77,2.3,RU,1680211279
530,guanaja,16.4,-85.9,26.46,79,10,9.28,HN,1680211087
531,vestmannaeyjar,63.4427,-20.2734,5.0,89,100,1.36,IS,1680211279
532,palasa,18.7667,84.4167,24.68,97,37,2.03,IN,1680211279
533,marsabit,2.3284,37.9899,21.63,60,30,2.38,KE,1680211279
534,ulaangom,49.9811,92.0667,-3.58,63,99,9.63,MN,1680211279
535,trincomalee,8.5711,81.2335,25.23,81,21,3.0,LK,1680211279
536,sola,-13.8833,167.55,27.85,72,52,2.84,VU,1680211279
537,nome,64.5011,-165.4064,0.09,93,100,3.6,US,1680211179
538,plouzane,48.3833,-4.6167,12.18,87,100,15.95,FR,1680211279
539,salo,45.6086,10.531,14.73,83,60,1.36,IT,1680211279
540,baoshan,46.5586,131.4244,1.36,43,0,1.87,CN,1680211280
541,hamilton,39.1834,-84.5333,17.27,36,0,4.12,US,1680211262
542,taos,36.4072,-105.5731,17.22,13,20,11.83,US,1680211280
543,joaquim gomes,-9.1373,-35.7519,27.14,77,0,2.76,BR,1680211280
544,minab,27.1467,57.0801,21.74,70,1,1.12,IR,1680211280
545,ajdabiya,30.7554,20.2263,15.51,60,0,5.73,LY,1680211280
546,cananeia,-25.0147,-47.9267,25.9,85,48,2.41,BR,1680211280
547,marsa matruh,31.3525,27.2453,14.79,54,1,6.17,EG,1680211280
548,gornyy,55.1153,83.9059,-7.44,90,85,5.2,RU,1680211280
549,fez,34.0372,-4.9998,18.14,48,0,3.6,MA,1680211145
550,labrea,-7.2586,-64.7981,26.04,92,56,1.98,BR,1680211281
551,salalah,17.0151,54.0924,27.05,61,0,2.06,OM,1680211281
552,liku,-0.7275,119.8922,23.83,95,100,1.13,ID,1680211281
553,saint-raymond,45.467,-73.6095,1.16,42,20,10.29,CA,1680211281
554,iida,35.5197,137.8207,5.02,96,100,1.26,JP,1680211281
555,tra vinh,9.9347,106.3453,23.88,87,83,1.25,VN,1680211281
556,birao,10.2849,22.7882,28.83,15,52,3.84,CF,1680211281
557,whyalla,-33.0333,137.5833,16.6,72,100,3.21,AU,1680211281
558,half moon bay,37.4636,-122.4286,15.61,67,40,5.66,US,1680211281
559,preobrazheniye,42.9019,133.9064,4.17,52,0,2.23,RU,1680211281
560,kloulklubed,7.0419,134.2556,28.32,70,57,1.8,PW,1680211282
561,harper,4.375,-7.7169,25.44,89,100,1.49,LR,1680211282
562,tongren,27.7172,109.1853,13.31,87,66,0.96,CN,1680211282
563,kalmar,56.6616,16.3616,2.96,100,100,3.09,SE,1680211282
564,huilong,31.8111,121.655,11.07,78,98,2.47,CN,1680211282
565,tambacounda,13.7539,-13.7586,34.03,27,0,1.03,SN,1680211282
566,joensuu,62.6012,29.7632,-7.73,86,0,1.79,FI,1680211282
567,hovd,48.0056,91.6419,1.51,44,0,3.54,MN,1680211282
568,ketchikan,55.3422,-131.6461,6.26,75,100,4.12,US,1680211282
569,mumford,5.2618,-0.759,27.17,85,100,5.0,GH,1680211085
570,lebork,54.5392,17.7501,10.82,95,100,4.73,PL,1680211282
571,conde,-7.2597,-34.9075,25.7,83,0,3.6,BR,1680211283
572,ust-tsilma,65.441,52.1498,0.8,94,100,4.84,RU,1680211283
573,san luis,-33.295,-66.3356,26.55,38,1,1.79,AR,1680211101
574,safaga,26.7292,33.9365,16.74,42,0,2.88,EG,1680211283
